<configuration>
    <property name="catalina.base" value="${catalina.base:-./}"/>
    <property name="logstash.path" value="${catalina.base}/logs"/>

    <conversionRule conversionWord="clr" converterClass="org.springframework.boot.logging.logback.ColorConverter"/>
    <conversionRule conversionWord="wex"
                    converterClass="org.springframework.boot.logging.logback.WhitespaceThrowableProxyConverter"/>
    <conversionRule conversionWord="wEx"
                    converterClass="org.springframework.boot.logging.logback.ExtendedWhitespaceThrowableProxyConverter"/>

    <property name="CONSOLE_LOG_PATTERN"
              value="${CONSOLE_LOG_PATTERN:-%clr(%d{yyyy-MM-dd HH:mm:ss.SSS}){faint} %clr(${LOG_LEVEL_PATTERN:-%5p}) %clr(${PID:- }){magenta} %clr(---){faint} %clr([%15.15t]){faint} %clr(%-40.40logger{39}){cyan} %clr(:){faint} %m%n${LOG_EXCEPTION_CONVERSION_WORD:-%wEx}}"/>

    <appender name="STDOUT" class="ch.qos.logback.core.ConsoleAppender">
        <layout class="ch.qos.logback.classic.PatternLayout">
            <Pattern>
                %d{yyyy-MM-dd HH:mm:ss} [%thread] %highlight(%-5level) %cyan(%logger{36}:%L) - %msg%n
            </Pattern>
        </layout>
    </appender>

    <appender name="FILE" class="ch.qos.logback.core.rolling.RollingFileAppender">
        <Prudent>true</Prudent>
        <rollingPolicy class="ch.qos.logback.core.rolling.TimeBasedRollingPolicy">
            <FileNamePattern>${logstash.path}/cyts-entry.%d{yyyy-MM-dd}.%i.log</FileNamePattern>
            <timeBasedFileNamingAndTriggeringPolicy class="ch.qos.logback.core.rolling.SizeAndTimeBasedFNATP">
                <maxFileSize>100MB</maxFileSize>
            </timeBasedFileNamingAndTriggeringPolicy>
            <maxHistory>30</maxHistory>
        </rollingPolicy>
        <layout class="ch.qos.logback.classic.PatternLayout">
            <Pattern>%-20(%d{HH:mm:ss.SSS} [%thread]) %-5level %logger{32}:%L - %msg%n</Pattern>
        </layout>
        <filter class="ch.qos.logback.classic.filter.ThresholdFilter">
            <level>DEBUG</level>
        </filter>
    </appender>

    <springProfile name="local">
        <!-- 日志输出级别 -->
        <root level="DEBUG">
            <appender-ref ref="FILE" />
            <appender-ref ref="STDOUT"/>
        </root>
    </springProfile>

    <springProfile name="test">
        <!-- 日志输出级别 -->
        <root level="INFO">
            <appender-ref ref="FILE" />
            <appender-ref ref="STDOUT"/>
        </root>
    </springProfile>

    <springProfile name="prod">
        <!-- 日志输出级别 -->
        <root level="INFO">
            <appender-ref ref="FILE" />
            <appender-ref ref="STDOUT"/>
        </root>
    </springProfile>

<!--    <logger name="com.enn.goodsplan.*.mapper" level="debug" additivity="false">-->
    <logger name="com.cyts.tourism.mapper" level="debug" additivity="false">
        <appender-ref ref="STDOUT"/>
    </logger>

</configuration>