<?xml version="1.0" encoding="UTF-8"?>
<!DOCTYPE mapper PUBLIC "-//mybatis.org//DTD Mapper 3.0//EN" "http://mybatis.org/dtd/mybatis-3-mapper.dtd">
<mapper namespace="com.cyts.tourism.mapper.OrdersMapper">

    <!-- 通用查询映射结果 -->
    <resultMap id="BaseResultMap" type="com.cyts.tourism.base.entity.Orders">
        <id column="id" property="id" />
        <result column="tourist_id" property="touristId" />
        <result column="commodity_id" property="commodityId" />
        <result column="goods_amount" property="goodsAmount" />
        <result column="unit_price" property="unitPrice" />
        <result column="total_price" property="totalPrice" />
        <result column="address_id" property="addressId" />
        <result column="pay_time" property="payTime" />
        <result column="pick_time" property="pickTime" />
        <result column="return_time" property="returnTime" />
        <result column="order_status" property="orderStatus" />
        <result column="special_request" property="specialRequest" />
        <result column="order_deposit" property="orderDeposit" />
        <result column="contact" property="contact" />
        <result column="phone" property="phone" />
        <result column="order_no" property="orderNo" />
        <result column="pay_token" property="payToken" />
        <result column="price_id" property="priceId" />
        <result column="deposit_status" property="depositStatus" />
        <result column="refund_date" property="refundDate" />
        <result column="create_date" property="createDate" />
    </resultMap>

    <update id="updateOrderStatus" parameterType="string">
        update t_orders set order_status = 2
        where order_status = 1
        and DATE_FORMAT( pick_time, '%Y-%m-%d' ) = #{today}
    </update>

</mapper>
