<?xml version="1.0" encoding="UTF-8"?>
<!DOCTYPE mapper PUBLIC "-//mybatis.org//DTD Mapper 3.0//EN" "http://mybatis.org/dtd/mybatis-3-mapper.dtd">
<mapper namespace="com.cyts.tourism.mapper.TourguideWorkingRecordMapper">

    <!-- 通用查询映射结果 -->
    <resultMap id="BaseResultMap" type="com.cyts.tourism.base.entity.TourguideWorkingRecord">
        <id column="id" property="id" />
        <result column="tourguide_user_id" property="tourguideUserId" />
        <result column="tourist_user_id" property="touristUserId" />
        <result column="start_time" property="startTime" />
        <result column="count_time" property="countTime" />
        <result column="count_people" property="countPeople" />
        <result column="count_msg" property="countMsg" />
        <result column="type" property="type" />
        <result column="txt_acount" property="txtAcount" />
        <result column="voice_duration" property="voiceDuration" />
        <result column="vedio_duration" property="vedioDuration" />
        <result column="tourguide_tourist_id" property="tourguideTouristId" />
        <result column="money" property="money" />
    </resultMap>

    <select id="countWorkingTourguideByLastMonth" resultType="string">
        select
            tourguide_user_id
        from t_tourguide_working_record
        where DATE_FORMAT( start_time, '%Y-%m' ) = #{mon}
        group by tourguide_user_id
    </select>

    <select id="countWorkingDayByLastMonth" resultType="int">
        select count(*) from (
             select
                 DATE_FORMAT( start_time, '%Y-%m-%d' ) count_time
             from t_tourguide_working_record
             where tourguide_user_id = #{id}
               and DATE_FORMAT( start_time, '%Y-%m' ) = #{mon}
             group by DATE_FORMAT( start_time, '%Y-%m-%d' )) a
    </select>

</mapper>
