<?xml version="1.0" encoding="UTF-8"?>
<!DOCTYPE mapper PUBLIC "-//mybatis.org//DTD Mapper 3.0//EN" "http://mybatis.org/dtd/mybatis-3-mapper.dtd">
<mapper namespace="com.cyts.tourism.mapper.UserMapper">

    <!-- 通用查询映射结果 -->
    <resultMap id="BaseResultMap" type="com.cyts.tourism.base.entity.User">
        <id column="id" property="id" />
        <result column="username" property="username" />
        <result column="password" property="password" />
        <result column="sur_name" property="surName" />
        <result column="given_name" property="givenName" />
        <result column="pinyin" property="pinyin" />
        <result column="id_num" property="idNum" />
        <result column="country_code" property="countryCode" />
        <result column="gender" property="gender" />
        <result column="mobile_num" property="mobileNum" />
        <result column="e_mail" property="eMail" />
        <result column="image_card_url" property="imageCardUrl" />
        <result column="image_license" property="imageLicense" />
        <result column="bank_name" property="bankName" />
        <result column="bank_account" property="bankAccount" />
        <result column="call_center_status" property="callCenterStatus" />
        <result column="self_description" property="selfDescription" />
        <result column="certified_status" property="certifiedStatus" />
        <result column="create_date" property="createDate" />
        <result column="type" property="type" />
        <result column="role_id" property="roleId" />
        <result column="country_name" property="countryName" />
    </resultMap>

    <select id="selectByImUserId" resultMap="BaseResultMap">
        SELECT
            tu.given_name, tu.sur_name, tu.self_description, tu.image_card_url, tu.gender,
            tu.type, tu.id, tu.country_code, tu.call_center_status
        FROM t_user tu
        WHERE im_user_id = #{imUserId}
    </select>

</mapper>
